permalink,title,meta-description,meta-keywords,h1,h2,nagivation,template
index,Learn how to use Entity Framework Bulk Insert with Tutorials & Examples for Code First & Database First.,Learn how to use Entity Framework Bulk Insert with Tutorials & Examples for Code First & Database First.,,,,,full
/404.html,Page Moved,Page Moved,,Page Moved,,,container-h1
contact-us,Contact Us,Contact Us,,Contact Us,,no,full-h1
faq,FAQ,FAQ,,FAQ,,,
save-changes-performance,SaveChanges Performance,SaveChanges Performance,,SaveChanges Performance,,,
insert-records,Insert Records,Insert Records,,Insert Records,,,
update-records,Update Records,Update Records,,Update Records,,,
delete-records,Delete Records,Delete Records,,Delete Records,,,
fastest-way-to-insert,Fastest Way To Insert,Fastest Way To Insert,,Fastest Way To Insert,,,
update-without-loading,Update Without Loading,Update Without Loading,,Update Without Loading,,,
delete-without-loading,Delete Without Loading,Delete Without Loading,,Delete Without Loading,,,
merge-records,Merge Records,Merge Records,,Merge Records,,,
include-with-where-clause,Include With Where Clause,Include With Where Clause,,Include With Where Clause,,,
include-multiple-levels,Include Multiple Levels,Include Multiple Levels,,Include Multiple Levels,,,
use-linq-dynamically,Use LINQ Dynamically,Use LINQ Dynamically,,Use LINQ Dynamically,,,
view-generated-sql,View Generated Sql,View Generated Sql,,View Generated Sql,,,
check-object-existence,Check Object Existence,Check Object Existence,,Check Object Existence,,,
linq-prevent-sql-injection,LINQ Prevent SQL Injection,LINQ Prevent SQL Injection,,LINQ Prevent SQL Injection,,,
change-connection-at-runtime,Change Connection at Runtime,Change Connection at Runtime,,Change Connection at Runtime,,,
entity-type-has-no-key-defined,EntityType Has No Key Defined,EntityType Has No Key Defined,,EntityType Has No Key Defined,,,
problems,Problems,Problems,,Problems,,,
not-found-in-object-state-manager,Not Found in ObjectStateManager,Not Found in ObjectStateManager,,Not Found in ObjectStateManager,,,
concurrency,Concurrency,Concurrency,,Concurrency,,,
cannot-construct-entity,Cannot Construct Entity,Cannot Construct Entity,,Cannot Construct Entity,,,
specified-type-not-supported,Specified Type Not Supported,Specified Type Not Supported,,Specified Type Not Supported,,,
linq-does-not-recognize-method,LINQ Does Not Recognize Method,LINQ Does Not Recognize Method,,LINQ Does Not Recognize Method,,,
specified-property-not-supported,Specified Property Not Supported,Specified Property Not Supported,,Specified Property Not Supported,,,
only-primitive-types-supported,Only Primitive Types Supported,Only Primitive Types Supported,,Only Primitive Types Supported,,,
ef-performance,Improve Entity Framework Performance,Improve Entity Framework Performance,,Improve Entity Framework Performance,,,
improve-ef-add-performance,Improve EF Add Performance,Improve EF Add Performance,,Improve EF Add Performance,,,
improve-ef-detect-changes-performance,Improve EF DetectChanges Performance,Improve EF DetectChanges Performance,,Improve EF DetectChanges Performance,,,
why-detect-changes-slow,Why DetectChanges is slow?,Why DetectChanges is slow?,,Why DetectChanges is slow?,,,
improve-ef-include-performance,Improve EF Include Performance,Improve EF Include Performance,,Improve EF Include Performance,,,
improve-ef-insert-performance,Improve EF Insert Performance,Improve EF Insert Performance,,Improve EF Insert Performance,,,
improve-ef-save-changes-performance,Improve EF SaveChanges Performance,Improve EF SaveChanges Performance,,Improve EF SaveChanges Performance,,,
why-first-query-slow,Why First Query is slow?,Why First Query is slow?,,Why First Query is slow?,,,
glossary,Glossary,Glossary,,Glossary,,,
third-party-libraries,Third Party Libraries,Third Party Libraries,,Third Party Libraries,,,
audit,Audit,Audit,,Audit,,,
batch-delete,Batch Delete,Batch Delete,,Batch Delete,,,
batch-update,Batch Update,Batch Update,,Batch Update,,,
bulk-save-changes,BulkSaveChanges,BulkSaveChanges,,BulkSaveChanges,,,
bulk-insert,BulkInsert,BulkInsert,,BulkInsert,,,
bulk-update,BulkUpdate,BulkUpdate,,BulkUpdate,,,
bulk-delete,BulkDelete,BulkDelete,,BulkDelete,,,
bulk-merge,BulkMerge,BulkMerge,,BulkMerge,,,
cache,Cache,Cache,,Cache,,,
deferred-query,Deferred Query,Deferred Query,,Deferred Query,,,
dynamic-query,Dynamic Query,Dynamic Query,,Dynamic Query,,,
filter,Filter,Filter,,Filter,,,
future,Future,Future,,Future,,,
include-filter,Include Filter,Include Filter,,Include Filter,,,
include-optimized,Include Optimized,Include Optimized,,Include Optimized,,,
ef-extesnsions,Entity Framework Extesnsions,Entity Framework Extesnsions,,Entity Framework Extesnsions,,,
ef-plus,Entity Framework Plus,Entity Framework Plus,,Entity Framework Plus,,,
eval-expression-net,Eval Expression.NET,Eval Expression.NET,,Eval Expression.NET,,,
audit-net,Audit.NET,Audit.NET,,Audit.NET,,,
system-linq-dynamic,System.Linq.Dynamic,System.Linq.Dynamic,,System.Linq.Dynamic,,,
ef-cache,Entity Framework Cache,Entity Framework Cache,,Entity Framework Cache,,,
ef-dynamic-filters,Entity Framework Dynamic Filters,Entity Framework Dynamic Filters,,Entity Framework Dynamic Filters,,,
auto-history,AutoHistory,AutoHistory,,AutoHistory,,,
audit-dbcontext,AuditDbContext,AuditDbContext,,AuditDbContext,,,
ef-utilities,Entity Framework Utilities,Entity Framework Utilities,,Entity Framework Utilities,,,
ef-extended,Entity Framework Extended,Entity Framework Extended,,Entity Framework Extended,,,
ef-filters,Entity Framework Filters,Entity Framework Filters,,Entity Framework Filters,,,
tracker-enabled-dbcontext,TrackerEnabledDbContext,TrackerEnabledDbContext,,TrackerEnabledDbContext,,,
ef-auditing,EFAuditing,EFAuditing,,EFAuditing,,,
blogs,Entity Framework Blogs,Entity Framework Blogs,,Entity Framework Blogs,,,
books,Entity Framework Books,Entity Framework Books,,Entity Framework Books,,,
videos,Entity Framework Videos,Entity Framework Videos,,Entity Framework Videos,,,container-h1
